sq_map_id,scale_id,question_id,display_order,created_at
AIS/2026/AIS/001,AIS/2026,AIS/001,1,2026-09-04 00:00:00+00
AIS/2026/AIS/002,AIS/2026,AIS/002,2,2026-09-04 00:00:00+00
AIS/2026/AIS/003,AIS/2026,AIS/003,3,2026-09-04 00:00:00+00
AIS/2026/AIS/004,AIS/2026,AIS/004,4,2026-09-04 00:00:00+00
AIS/2026/AIS/005,AIS/2026,AIS/005,5,2026-09-04 00:00:00+00
AIS/2026/AIS/006,AIS/2026,AIS/006,6,2026-09-04 00:00:00+00
AIS/2026/AIS/007,AIS/2026,AIS/007,7,2026-09-04 00:00:00+00
AIS/2026/AIS/008,AIS/2026,AIS/008,8,2026-09-04 00:00:00+00
ALSFRS-R/2026/ALSFRS-R/001,ALSFRS-R/2026,ALSFRS-R/001,1,2026-09-04 00:00:00+00
ALSFRS-R/2026/ALSFRS-R/002,ALSFRS-R/2026,ALSFRS-R/002,2,2026-09-04 00:00:00+00
ALSFRS-R/2026/ALSFRS-R/003,ALSFRS-R/2026,ALSFRS-R/003,3,2026-09-04 00:00:00+00
ALSFRS-R/2026/ALSFRS-R/004,ALSFRS-R/2026,ALSFRS-R/004,4,2026-09-04 00:00:00+00
ALSFRS-R/2026/ALSFRS-R/005,ALSFRS-R/2026,ALSFRS-R/005,5,2026-09-04 00:00:00+00
ALSFRS-R/2026/ALSFRS-R/006,ALSFRS-R/2026,ALSFRS-R/006,6,2026-09-04 00:00:00+00
ALSFRS-R/2026/ALSFRS-R/007,ALSFRS-R/2026,ALSFRS-R/007,7,2026-09-04 00:00:00+00
ALSFRS-R/2026/ALSFRS-R/008,ALSFRS-R/2026,ALSFRS-R/008,8,2026-09-04 00:00:00+00
ALSFRS-R/2026/ALSFRS-R/009,ALSFRS-R/2026,ALSFRS-R/009,9,2026-09-04 00:00:00+00
ALSFRS-R/2026/ALSFRS-R/010,ALSFRS-R/2026,ALSFRS-R/010,10,2026-09-04 00:00:00+00
AMTS/2026/AMTS/001,AMTS/2026,AMTS/001,1,2026-09-04 00:00:00+00
AMTS/2026/AMTS/002,AMTS/2026,AMTS/002,2,2026-09-04 00:00:00+00
AMTS/2026/AMTS/003,AMTS/2026,AMTS/003,3,2026-09-04 00:00:00+00
AMTS/2026/AMTS/004,AMTS/2026,AMTS/004,4,2026-09-04 00:00:00+00
AMTS/2026/AMTS/005,AMTS/2026,AMTS/005,5,2026-09-04 00:00:00+00
AMTS/2026/AMTS/006,AMTS/2026,AMTS/006,6,2026-09-04 00:00:00+00
AMTS/2026/AMTS/007,AMTS/2026,AMTS/007,7,2026-09-04 00:00:00+00
AMTS/2026/AMTS/008,AMTS/2026,AMTS/008,8,2026-09-04 00:00:00+00
AMTS/2026/AMTS/009,AMTS/2026,AMTS/009,9,2026-09-04 00:00:00+00
AMTS/2026/AMTS/010,AMTS/2026,AMTS/010,10,2026-09-04 00:00:00+00
ASRS-v1.1/2026/ASRS-V1.1/001,ASRS-v1.1/2026,ASRS-V1.1/001,1,2026-09-04 00:00:00+00
ASRS-v1.1/2026/ASRS-V1.1/002,ASRS-v1.1/2026,ASRS-V1.1/002,2,2026-09-04 00:00:00+00
ASRS-v1.1/2026/ASRS-V1.1/003,ASRS-v1.1/2026,ASRS-V1.1/003,3,2026-09-04 00:00:00+00
ASRS-v1.1/2026/ASRS-V1.1/004,ASRS-v1.1/2026,ASRS-V1.1/004,4,2026-09-04 00:00:00+00
ASRS-v1.1/2026/ASRS-V1.1/005,ASRS-v1.1/2026,ASRS-V1.1/005,5,2026-09-04 00:00:00+00
ASRS-v1.1/2026/ASRS-V1.1/006,ASRS-v1.1/2026,ASRS-V1.1/006,6,2026-09-04 00:00:00+00
ASRS-v1.1/2026/ASRS-V1.1/007,ASRS-v1.1/2026,ASRS-V1.1/007,7,2026-09-04 00:00:00+00
ASRS-v1.1/2026/ASRS-V1.1/008,ASRS-v1.1/2026,ASRS-V1.1/008,8,2026-09-04 00:00:00+00
ASRS-v1.1/2026/ASRS-V1.1/009,ASRS-v1.1/2026,ASRS-V1.1/009,9,2026-09-04 00:00:00+00
ASRS-v1.1/2026/ASRS-V1.1/010,ASRS-v1.1/2026,ASRS-V1.1/010,10,2026-09-04 00:00:00+00
ASRS-v1.1/2026/ASRS-V1.1/011,ASRS-v1.1/2026,ASRS-V1.1/011,11,2026-09-04 00:00:00+00
ASRS-v1.1/2026/ASRS-V1.1/012,ASRS-v1.1/2026,ASRS-V1.1/012,12,2026-09-04 00:00:00+00
ASRS-v1.1/2026/ASRS-V1.1/013,ASRS-v1.1/2026,ASRS-V1.1/013,13,2026-09-04 00:00:00+00
ASRS-v1.1/2026/ASRS-V1.1/014,ASRS-v1.1/2026,ASRS-V1.1/014,14,2026-09-04 00:00:00+00
ASRS-v1.1/2026/ASRS-V1.1/015,ASRS-v1.1/2026,ASRS-V1.1/015,15,2026-09-04 00:00:00+00
ASRS-v1.1/2026/ASRS-V1.1/016,ASRS-v1.1/2026,ASRS-V1.1/016,16,2026-09-04 00:00:00+00
ASRS-v1.1/2026/ASRS-V1.1/017,ASRS-v1.1/2026,ASRS-V1.1/017,17,2026-09-04 00:00:00+00
ASRS-v1.1/2026/ASRS-V1.1/018,ASRS-v1.1/2026,ASRS-V1.1/018,18,2026-09-04 00:00:00+00
BARTHEL/2026/BarthelIndex/001,BARTHEL/2026,BarthelIndex/001,1,2026-09-04 00:00:00+00
BARTHEL/2026/BarthelIndex/002,BARTHEL/2026,BarthelIndex/002,2,2026-09-04 00:00:00+00
BARTHEL/2026/BarthelIndex/003,BARTHEL/2026,BarthelIndex/003,3,2026-09-04 00:00:00+00
BARTHEL/2026/BarthelIndex/004,BARTHEL/2026,BarthelIndex/004,4,2026-09-04 00:00:00+00
BARTHEL/2026/BarthelIndex/005,BARTHEL/2026,BarthelIndex/005,5,2026-09-04 00:00:00+00
BARTHEL/2026/BarthelIndex/006,BARTHEL/2026,BarthelIndex/006,6,2026-09-04 00:00:00+00
BARTHEL/2026/BarthelIndex/007,BARTHEL/2026,BarthelIndex/007,7,2026-09-04 00:00:00+00
BARTHEL/2026/BarthelIndex/008,BARTHEL/2026,BarthelIndex/008,8,2026-09-04 00:00:00+00
BARTHEL/2026/BarthelIndex/009,BARTHEL/2026,BarthelIndex/009,9,2026-09-04 00:00:00+00
BARTHEL/2026/BarthelIndex/010,BARTHEL/2026,BarthelIndex/010,10,2026-09-04 00:00:00+00
BDI-II/2026/BDI-II/001,BDI-II/2026,BDI-II/001,1,2026-09-04 00:00:00+00
BDI-II/2026/BDI-II/002,BDI-II/2026,BDI-II/002,2,2026-09-04 00:00:00+00
BDI-II/2026/BDI-II/003,BDI-II/2026,BDI-II/003,3,2026-09-04 00:00:00+00
BDI-II/2026/BDI-II/004,BDI-II/2026,BDI-II/004,4,2026-09-04 00:00:00+00
BDI-II/2026/BDI-II/005,BDI-II/2026,BDI-II/005,5,2026-09-04 00:00:00+00
BDI-II/2026/BDI-II/006,BDI-II/2026,BDI-II/006,6,2026-09-04 00:00:00+00
BDI-II/2026/BDI-II/007,BDI-II/2026,BDI-II/007,7,2026-09-04 00:00:00+00
BDI-II/2026/BDI-II/008,BDI-II/2026,BDI-II/008,8,2026-09-04 00:00:00+00
BDI-II/2026/BDI-II/009,BDI-II/2026,BDI-II/009,9,2026-09-04 00:00:00+00
BDI-II/2026/BDI-II/010,BDI-II/2026,BDI-II/010,10,2026-09-04 00:00:00+00
BDI-II/2026/BDI-II/011,BDI-II/2026,BDI-II/011,11,2026-09-04 00:00:00+00
BDI-II/2026/BDI-II/012,BDI-II/2026,BDI-II/012,12,2026-09-04 00:00:00+00
BDI-II/2026/BDI-II/013,BDI-II/2026,BDI-II/013,13,2026-09-04 00:00:00+00
BDI-II/2026/BDI-II/014,BDI-II/2026,BDI-II/014,14,2026-09-04 00:00:00+00
BDI-II/2026/BDI-II/015,BDI-II/2026,BDI-II/015,15,2026-09-04 00:00:00+00
BDI-II/2026/BDI-II/016,BDI-II/2026,BDI-II/016,16,2026-09-04 00:00:00+00
BDI-II/2026/BDI-II/017,BDI-II/2026,BDI-II/017,17,2026-09-04 00:00:00+00
BDI-II/2026/BDI-II/018,BDI-II/2026,BDI-II/018,18,2026-09-04 00:00:00+00
BDI-II/2026/BDI-II/019,BDI-II/2026,BDI-II/019,19,2026-09-04 00:00:00+00
BDI-II/2026/BDI-II/020,BDI-II/2026,BDI-II/020,20,2026-09-04 00:00:00+00
BDI-II/2026/BDI-II/021,BDI-II/2026,BDI-II/021,21,2026-09-04 00:00:00+00
COMPASS-31/2026/COMPASS-31/001,COMPASS-31/2026,COMPASS-31/001,1,2026-09-04 00:00:00+00
COMPASS-31/2026/COMPASS-31/002,COMPASS-31/2026,COMPASS-31/002,2,2026-09-04 00:00:00+00
COMPASS-31/2026/COMPASS-31/003,COMPASS-31/2026,COMPASS-31/003,3,2026-09-04 00:00:00+00
COMPASS-31/2026/COMPASS-31/004,COMPASS-31/2026,COMPASS-31/004,4,2026-09-04 00:00:00+00
COMPASS-31/2026/COMPASS-31/005,COMPASS-31/2026,COMPASS-31/005,5,2026-09-04 00:00:00+00
COMPASS-31/2026/COMPASS-31/006,COMPASS-31/2026,COMPASS-31/006,6,2026-09-04 00:00:00+00
COMPASS-31/2026/COMPASS-31/007,COMPASS-31/2026,COMPASS-31/007,7,2026-09-04 00:00:00+00
COMPASS-31/2026/COMPASS-31/008,COMPASS-31/2026,COMPASS-31/008,8,2026-09-04 00:00:00+00
COMPASS-31/2026/COMPASS-31/009,COMPASS-31/2026,COMPASS-31/009,9,2026-09-04 00:00:00+00
COMPASS-31/2026/COMPASS-31/010,COMPASS-31/2026,COMPASS-31/010,10,2026-09-04 00:00:00+00
COMPASS-31/2026/COMPASS-31/011,COMPASS-31/2026,COMPASS-31/011,11,2026-09-04 00:00:00+00
COMPASS-31/2026/COMPASS-31/012,COMPASS-31/2026,COMPASS-31/012,12,2026-09-04 00:00:00+00
COMPASS-31/2026/COMPASS-31/013,COMPASS-31/2026,COMPASS-31/013,13,2026-09-04 00:00:00+00
COMPASS-31/2026/COMPASS-31/014,COMPASS-31/2026,COMPASS-31/014,14,2026-09-04 00:00:00+00
COMPASS-31/2026/COMPASS-31/015,COMPASS-31/2026,COMPASS-31/015,15,2026-09-04 00:00:00+00
COMPASS-31/2026/COMPASS-31/016,COMPASS-31/2026,COMPASS-31/016,16,2026-09-04 00:00:00+00
COMPASS-31/2026/COMPASS-31/017,COMPASS-31/2026,COMPASS-31/017,17,2026-09-04 00:00:00+00
COMPASS-31/2026/COMPASS-31/018,COMPASS-31/2026,COMPASS-31/018,18,2026-09-04 00:00:00+00
COMPASS-31/2026/COMPASS-31/019,COMPASS-31/2026,COMPASS-31/019,19,2026-09-04 00:00:00+00
COMPASS-31/2026/COMPASS-31/020,COMPASS-31/2026,COMPASS-31/020,20,2026-09-04 00:00:00+00
COMPASS-31/2026/COMPASS-31/021,COMPASS-31/2026,COMPASS-31/021,21,2026-09-04 00:00:00+00
COMPASS-31/2026/COMPASS-31/022,COMPASS-31/2026,COMPASS-31/022,22,2026-09-04 00:00:00+00
COMPASS-31/2026/COMPASS-31/023,COMPASS-31/2026,COMPASS-31/023,23,2026-09-04 00:00:00+00
COMPASS-31/2026/COMPASS-31/024,COMPASS-31/2026,COMPASS-31/024,24,2026-09-04 00:00:00+00
COMPASS-31/2026/COMPASS-31/025,COMPASS-31/2026,COMPASS-31/025,25,2026-09-04 00:00:00+00
COMPASS-31/2026/COMPASS-31/026,COMPASS-31/2026,COMPASS-31/026,26,2026-09-04 00:00:00+00
COMPASS-31/2026/COMPASS-31/027,COMPASS-31/2026,COMPASS-31/027,27,2026-09-04 00:00:00+00
COMPASS-31/2026/COMPASS-31/028,COMPASS-31/2026,COMPASS-31/028,28,2026-09-04 00:00:00+00
COMPASS-31/2026/COMPASS-31/029,COMPASS-31/2026,COMPASS-31/029,29,2026-09-04 00:00:00+00
COMPASS-31/2026/COMPASS-31/030,COMPASS-31/2026,COMPASS-31/030,30,2026-09-04 00:00:00+00
COMPASS-31/2026/COMPASS-31/031,COMPASS-31/2026,COMPASS-31/031,31,2026-09-04 00:00:00+00
DASS-21/2026/DASS-21/001,DASS-21/2026,DASS-21/001,1,2026-09-04 00:00:00+00
DASS-21/2026/DASS-21/002,DASS-21/2026,DASS-21/002,2,2026-09-04 00:00:00+00
DASS-21/2026/DASS-21/003,DASS-21/2026,DASS-21/003,3,2026-09-04 00:00:00+00
DASS-21/2026/DASS-21/004,DASS-21/2026,DASS-21/004,4,2026-09-04 00:00:00+00
DASS-21/2026/DASS-21/005,DASS-21/2026,DASS-21/005,5,2026-09-04 00:00:00+00
DASS-21/2026/DASS-21/006,DASS-21/2026,DASS-21/006,6,2026-09-04 00:00:00+00
DASS-21/2026/DASS-21/007,DASS-21/2026,DASS-21/007,7,2026-09-04 00:00:00+00
DASS-21/2026/DASS-21/008,DASS-21/2026,DASS-21/008,8,2026-09-04 00:00:00+00
DASS-21/2026/DASS-21/009,DASS-21/2026,DASS-21/009,9,2026-09-04 00:00:00+00
DASS-21/2026/DASS-21/010,DASS-21/2026,DASS-21/010,10,2026-09-04 00:00:00+00
DASS-21/2026/DASS-21/011,DASS-21/2026,DASS-21/011,11,2026-09-04 00:00:00+00
DASS-21/2026/DASS-21/012,DASS-21/2026,DASS-21/012,12,2026-09-04 00:00:00+00
DASS-21/2026/DASS-21/013,DASS-21/2026,DASS-21/013,13,2026-09-04 00:00:00+00
DASS-21/2026/DASS-21/014,DASS-21/2026,DASS-21/014,14,2026-09-04 00:00:00+00
DASS-21/2026/DASS-21/015,DASS-21/2026,DASS-21/015,15,2026-09-04 00:00:00+00
DASS-21/2026/DASS-21/016,DASS-21/2026,DASS-21/016,16,2026-09-04 00:00:00+00
DASS-21/2026/DASS-21/017,DASS-21/2026,DASS-21/017,17,2026-09-04 00:00:00+00
DASS-21/2026/DASS-21/018,DASS-21/2026,DASS-21/018,18,2026-09-04 00:00:00+00
DASS-21/2026/DASS-21/019,DASS-21/2026,DASS-21/019,19,2026-09-04 00:00:00+00
DASS-21/2026/DASS-21/020,DASS-21/2026,DASS-21/020,20,2026-09-04 00:00:00+00
DASS-21/2026/DASS-21/021,DASS-21/2026,DASS-21/021,21,2026-09-04 00:00:00+00
DHI/2026/DHI/001,DHI/2026,DHI/001,1,2026-09-04 00:00:00+00
DHI/2026/DHI/002,DHI/2026,DHI/002,2,2026-09-04 00:00:00+00
DHI/2026/DHI/003,DHI/2026,DHI/003,3,2026-09-04 00:00:00+00
DHI/2026/DHI/004,DHI/2026,DHI/004,4,2026-09-04 00:00:00+00
DHI/2026/DHI/005,DHI/2026,DHI/005,5,2026-09-04 00:00:00+00
DHI/2026/DHI/006,DHI/2026,DHI/006,6,2026-09-04 00:00:00+00
DHI/2026/DHI/007,DHI/2026,DHI/007,7,2026-09-04 00:00:00+00
DHI/2026/DHI/008,DHI/2026,DHI/008,8,2026-09-04 00:00:00+00
DHI/2026/DHI/009,DHI/2026,DHI/009,9,2026-09-04 00:00:00+00
DHI/2026/DHI/010,DHI/2026,DHI/010,10,2026-09-04 00:00:00+00
DHI/2026/DHI/011,DHI/2026,DHI/011,11,2026-09-04 00:00:00+00
DHI/2026/DHI/012,DHI/2026,DHI/012,12,2026-09-04 00:00:00+00
DHI/2026/DHI/013,DHI/2026,DHI/013,13,2026-09-04 00:00:00+00
DHI/2026/DHI/014,DHI/2026,DHI/014,14,2026-09-04 00:00:00+00
DHI/2026/DHI/015,DHI/2026,DHI/015,15,2026-09-04 00:00:00+00
DHI/2026/DHI/016,DHI/2026,DHI/016,16,2026-09-04 00:00:00+00
DHI/2026/DHI/017,DHI/2026,DHI/017,17,2026-09-04 00:00:00+00
DHI/2026/DHI/018,DHI/2026,DHI/018,18,2026-09-04 00:00:00+00
DHI/2026/DHI/019,DHI/2026,DHI/019,19,2026-09-04 00:00:00+00
DHI/2026/DHI/020,DHI/2026,DHI/020,20,2026-09-04 00:00:00+00
DHI/2026/DHI/021,DHI/2026,DHI/021,21,2026-09-04 00:00:00+00
DHI/2026/DHI/022,DHI/2026,DHI/022,22,2026-09-04 00:00:00+00
DHI/2026/DHI/023,DHI/2026,DHI/023,23,2026-09-04 00:00:00+00
DHI/2026/DHI/024,DHI/2026,DHI/024,24,2026-09-04 00:00:00+00
DHI/2026/DHI/025,DHI/2026,DHI/025,25,2026-09-04 00:00:00+00
DN-4/2026/DN-4/001,DN-4/2026,DN-4/001,1,2026-09-04 00:00:00+00
DN-4/2026/DN-4/002,DN-4/2026,DN-4/002,2,2026-09-04 00:00:00+00
DN-4/2026/DN-4/003,DN-4/2026,DN-4/003,3,2026-09-04 00:00:00+00
DN-4/2026/DN-4/004,DN-4/2026,DN-4/004,4,2026-09-04 00:00:00+00
DN-4/2026/DN-4/005,DN-4/2026,DN-4/005,5,2026-09-04 00:00:00+00
DN-4/2026/DN-4/006,DN-4/2026,DN-4/006,6,2026-09-04 00:00:00+00
DN-4/2026/DN-4/007,DN-4/2026,DN-4/007,7,2026-09-04 00:00:00+00
DN-4/2026/DN-4/008,DN-4/2026,DN-4/008,8,2026-09-04 00:00:00+00
DN-4/2026/DN-4/009,DN-4/2026,DN-4/009,9,2026-09-04 00:00:00+00
DN-4/2026/DN-4/010,DN-4/2026,DN-4/010,10,2026-09-04 00:00:00+00
DSRS/2026/DSRS/001,DSRS/2026,DSRS/001,1,2026-09-04 00:00:00+00
DSRS/2026/DSRS/002,DSRS/2026,DSRS/002,2,2026-09-04 00:00:00+00
DSRS/2026/DSRS/003,DSRS/2026,DSRS/003,3,2026-09-04 00:00:00+00
DSRS/2026/DSRS/004,DSRS/2026,DSRS/004,4,2026-09-04 00:00:00+00
DSRS/2026/DSRS/005,DSRS/2026,DSRS/005,5,2026-09-04 00:00:00+00
DSRS/2026/DSRS/006,DSRS/2026,DSRS/006,6,2026-09-04 00:00:00+00
DSRS/2026/DSRS/007,DSRS/2026,DSRS/007,7,2026-09-04 00:00:00+00
DSRS/2026/DSRS/008,DSRS/2026,DSRS/008,8,2026-09-04 00:00:00+00
DSRS/2026/DSRS/009,DSRS/2026,DSRS/009,9,2026-09-04 00:00:00+00
DSRS/2026/DSRS/010,DSRS/2026,DSRS/010,10,2026-09-04 00:00:00+00
DSRS/2026/DSRS/011,DSRS/2026,DSRS/011,11,2026-09-04 00:00:00+00
DSRS/2026/DSRS/012,DSRS/2026,DSRS/012,12,2026-09-04 00:00:00+00
EQ-5D-5L/2026/EQ-5D-5L/001,EQ-5D-5L/2026,EQ-5D-5L/001,1,2026-09-04 00:00:00+00
EQ-5D-5L/2026/EQ-5D-5L/002,EQ-5D-5L/2026,EQ-5D-5L/002,2,2026-09-04 00:00:00+00
EQ-5D-5L/2026/EQ-5D-5L/003,EQ-5D-5L/2026,EQ-5D-5L/003,3,2026-09-04 00:00:00+00
EQ-5D-5L/2026/EQ-5D-5L/004,EQ-5D-5L/2026,EQ-5D-5L/004,4,2026-09-04 00:00:00+00
EQ-5D-5L/2026/EQ-5D-5L/005,EQ-5D-5L/2026,EQ-5D-5L/005,5,2026-09-04 00:00:00+00
FFS/2026/FFS/001,FFS/2026,FFS/001,1,2026-09-04 00:00:00+00
FFS/2026/FFS/002,FFS/2026,FFS/002,2,2026-09-04 00:00:00+00
FFS/2026/FFS/003,FFS/2026,FFS/003,3,2026-09-04 00:00:00+00
FFS/2026/FFS/004,FFS/2026,FFS/004,4,2026-09-04 00:00:00+00
FFS/2026/FFS/005,FFS/2026,FFS/005,5,2026-09-04 00:00:00+00
FFS/2026/FFS/006,FFS/2026,FFS/006,6,2026-09-04 00:00:00+00
FFS/2026/FFS/007,FFS/2026,FFS/007,7,2026-09-04 00:00:00+00
FIQR/2026/FIQR/001,FIQR/2026,FIQR/001,1,2026-09-04 00:00:00+00
FIQR/2026/FIQR/002,FIQR/2026,FIQR/002,2,2026-09-04 00:00:00+00
FIQR/2026/FIQR/003,FIQR/2026,FIQR/003,3,2026-09-04 00:00:00+00
FIQR/2026/FIQR/004,FIQR/2026,FIQR/004,4,2026-09-04 00:00:00+00
FIQR/2026/FIQR/005,FIQR/2026,FIQR/005,5,2026-09-04 00:00:00+00
FIQR/2026/FIQR/006,FIQR/2026,FIQR/006,6,2026-09-04 00:00:00+00
FIQR/2026/FIQR/007,FIQR/2026,FIQR/007,7,2026-09-04 00:00:00+00
FIQR/2026/FIQR/008,FIQR/2026,FIQR/008,8,2026-09-04 00:00:00+00
FIQR/2026/FIQR/009,FIQR/2026,FIQR/009,9,2026-09-04 00:00:00+00
FIQR/2026/FIQR/010,FIQR/2026,FIQR/010,10,2026-09-04 00:00:00+00
FIQR/2026/FIQR/011,FIQR/2026,FIQR/011,11,2026-09-04 00:00:00+00
FIQR/2026/FIQR/012,FIQR/2026,FIQR/012,12,2026-09-04 00:00:00+00
FIQR/2026/FIQR/013,FIQR/2026,FIQR/013,13,2026-09-04 00:00:00+00
FIQR/2026/FIQR/014,FIQR/2026,FIQR/014,14,2026-09-04 00:00:00+00
FIQR/2026/FIQR/015,FIQR/2026,FIQR/015,15,2026-09-04 00:00:00+00
FIQR/2026/FIQR/016,FIQR/2026,FIQR/016,16,2026-09-04 00:00:00+00
FIQR/2026/FIQR/017,FIQR/2026,FIQR/017,17,2026-09-04 00:00:00+00
FIQR/2026/FIQR/018,FIQR/2026,FIQR/018,18,2026-09-04 00:00:00+00
FIQR/2026/FIQR/019,FIQR/2026,FIQR/019,19,2026-09-04 00:00:00+00
FIQR/2026/FIQR/020,FIQR/2026,FIQR/020,20,2026-09-04 00:00:00+00
FIQR/2026/FIQR/021,FIQR/2026,FIQR/021,21,2026-09-04 00:00:00+00
FSS/2026/FSS/001,FSS/2026,FSS/001,1,2026-09-04 00:00:00+00
FSS/2026/FSS/002,FSS/2026,FSS/002,2,2026-09-04 00:00:00+00
FSS/2026/FSS/003,FSS/2026,FSS/003,3,2026-09-04 00:00:00+00
FSS/2026/FSS/004,FSS/2026,FSS/004,4,2026-09-04 00:00:00+00
FSS/2026/FSS/005,FSS/2026,FSS/005,5,2026-09-04 00:00:00+00
FSS/2026/FSS/006,FSS/2026,FSS/006,6,2026-09-04 00:00:00+00
FSS/2026/FSS/007,FSS/2026,FSS/007,7,2026-09-04 00:00:00+00
FSS/2026/FSS/008,FSS/2026,FSS/008,8,2026-09-04 00:00:00+00
FSS/2026/FSS/009,FSS/2026,FSS/009,9,2026-09-04 00:00:00+00
GAD-7/2026/GAD-7/001,GAD-7/2026,GAD-7/001,1,2026-09-04 00:00:00+00
GAD-7/2026/GAD-7/002,GAD-7/2026,GAD-7/002,2,2026-09-04 00:00:00+00
GAD-7/2026/GAD-7/003,GAD-7/2026,GAD-7/003,3,2026-09-04 00:00:00+00
GAD-7/2026/GAD-7/004,GAD-7/2026,GAD-7/004,4,2026-09-04 00:00:00+00
GAD-7/2026/GAD-7/005,GAD-7/2026,GAD-7/005,5,2026-09-04 00:00:00+00
GAD-7/2026/GAD-7/006,GAD-7/2026,GAD-7/006,6,2026-09-04 00:00:00+00
GAD-7/2026/GAD-7/007,GAD-7/2026,GAD-7/007,7,2026-09-04 00:00:00+00
GDS/2026/GDS/001,GDS/2026,GDS/001,1,2026-09-04 00:00:00+00
GDS/2026/GDS/002,GDS/2026,GDS/002,2,2026-09-04 00:00:00+00
GDS/2026/GDS/003,GDS/2026,GDS/003,3,2026-09-04 00:00:00+00
GDS/2026/GDS/004,GDS/2026,GDS/004,4,2026-09-04 00:00:00+00
GDS/2026/GDS/005,GDS/2026,GDS/005,5,2026-09-04 00:00:00+00
GDS/2026/GDS/006,GDS/2026,GDS/006,6,2026-09-04 00:00:00+00
GDS/2026/GDS/007,GDS/2026,GDS/007,7,2026-09-04 00:00:00+00
HDRS/2026/HDRS/001,HDRS/2026,HDRS/001,1,2026-09-04 00:00:00+00
HDRS/2026/HDRS/002,HDRS/2026,HDRS/002,2,2026-09-04 00:00:00+00
HDRS/2026/HDRS/003,HDRS/2026,HDRS/003,3,2026-09-04 00:00:00+00
HDRS/2026/HDRS/004,HDRS/2026,HDRS/004,4,2026-09-04 00:00:00+00
HDRS/2026/HDRS/005,HDRS/2026,HDRS/005,5,2026-09-04 00:00:00+00
HDRS/2026/HDRS/006,HDRS/2026,HDRS/006,6,2026-09-04 00:00:00+00
HDRS/2026/HDRS/007,HDRS/2026,HDRS/007,7,2026-09-04 00:00:00+00
HDRS/2026/HDRS/008,HDRS/2026,HDRS/008,8,2026-09-04 00:00:00+00
HDRS/2026/HDRS/009,HDRS/2026,HDRS/009,9,2026-09-04 00:00:00+00
HDRS/2026/HDRS/010,HDRS/2026,HDRS/010,10,2026-09-04 00:00:00+00
HDRS/2026/HDRS/011,HDRS/2026,HDRS/011,11,2026-09-04 00:00:00+00
HDRS/2026/HDRS/012,HDRS/2026,HDRS/012,12,2026-09-04 00:00:00+00
HDRS/2026/HDRS/013,HDRS/2026,HDRS/013,13,2026-09-04 00:00:00+00
HDRS/2026/HDRS/014,HDRS/2026,HDRS/014,14,2026-09-04 00:00:00+00
HDRS/2026/HDRS/015,HDRS/2026,HDRS/015,15,2026-09-04 00:00:00+00
HDRS/2026/HDRS/016,HDRS/2026,HDRS/016,16,2026-09-04 00:00:00+00
HDRS/2026/HDRS/017,HDRS/2026,HDRS/017,17,2026-09-04 00:00:00+00
IADL/2026/IADL/001,IADL/2026,IADL/001,1,2026-09-04 00:00:00+00
IADL/2026/IADL/002,IADL/2026,IADL/002,2,2026-09-04 00:00:00+00
IADL/2026/IADL/003,IADL/2026,IADL/003,3,2026-09-04 00:00:00+00
IADL/2026/IADL/004,IADL/2026,IADL/004,4,2026-09-04 00:00:00+00
IADL/2026/IADL/005,IADL/2026,IADL/005,5,2026-09-04 00:00:00+00
IADL/2026/IADL/006,IADL/2026,IADL/006,6,2026-09-04 00:00:00+00
IADL/2026/IADL/007,IADL/2026,IADL/007,7,2026-09-04 00:00:00+00
IADL/2026/IADL/008,IADL/2026,IADL/008,8,2026-09-04 00:00:00+00
IBS-SSS/2026/IBS-SSS/001,IBS-SSS/2026,IBS-SSS/001,1,2026-09-04 00:00:00+00
IBS-SSS/2026/IBS-SSS/002,IBS-SSS/2026,IBS-SSS/002,2,2026-09-04 00:00:00+00
IBS-SSS/2026/IBS-SSS/003,IBS-SSS/2026,IBS-SSS/003,3,2026-09-04 00:00:00+00
IBS-SSS/2026/IBS-SSS/004,IBS-SSS/2026,IBS-SSS/004,4,2026-09-04 00:00:00+00
IBS-SSS/2026/IBS-SSS/005,IBS-SSS/2026,IBS-SSS/005,5,2026-09-04 00:00:00+00
IBS-SSS/2026/IBS-SSS/006,IBS-SSS/2026,IBS-SSS/006,6,2026-09-04 00:00:00+00
IBS-SSS/2026/IBS-SSS/007,IBS-SSS/2026,IBS-SSS/007,7,2026-09-04 00:00:00+00
ISI/2026/ISI/001,ISI/2026,ISI/001,1,2026-09-04 00:00:00+00
ISI/2026/ISI/002,ISI/2026,ISI/002,2,2026-09-04 00:00:00+00
ISI/2026/ISI/003,ISI/2026,ISI/003,3,2026-09-04 00:00:00+00
ISI/2026/ISI/004,ISI/2026,ISI/004,4,2026-09-04 00:00:00+00
ISI/2026/ISI/005,ISI/2026,ISI/005,5,2026-09-04 00:00:00+00
ISI/2026/ISI/006,ISI/2026,ISI/006,6,2026-09-04 00:00:00+00
ISI/2026/ISI/007,ISI/2026,ISI/007,7,2026-09-04 00:00:00+00
KPS/2026/KPS/001,KPS/2026,KPS/001,1,2026-09-04 00:00:00+00
KPS/2026/KPS/002,KPS/2026,KPS/002,2,2026-09-04 00:00:00+00
KPS/2026/KPS/003,KPS/2026,KPS/003,3,2026-09-04 00:00:00+00
MADRS/2026/MADRS/001,MADRS/2026,MADRS/001,1,2026-09-04 00:00:00+00
MADRS/2026/MADRS/002,MADRS/2026,MADRS/002,2,2026-09-04 00:00:00+00
MADRS/2026/MADRS/003,MADRS/2026,MADRS/003,3,2026-09-04 00:00:00+00
MADRS/2026/MADRS/004,MADRS/2026,MADRS/004,4,2026-09-04 00:00:00+00
MADRS/2026/MADRS/005,MADRS/2026,MADRS/005,5,2026-09-04 00:00:00+00
MADRS/2026/MADRS/006,MADRS/2026,MADRS/006,6,2026-09-04 00:00:00+00
MADRS/2026/MADRS/007,MADRS/2026,MADRS/007,7,2026-09-04 00:00:00+00
MADRS/2026/MADRS/008,MADRS/2026,MADRS/008,8,2026-09-04 00:00:00+00
MADRS/2026/MADRS/009,MADRS/2026,MADRS/009,9,2026-09-04 00:00:00+00
MADRS/2026/MADRS/010,MADRS/2026,MADRS/010,10,2026-09-04 00:00:00+00
MAS/2026/MAS/001,MAS/2026,MAS/001,1,2026-09-04 00:00:00+00
MFIS/2026/MFIS/001,MFIS/2026,MFIS/001,1,2026-09-04 00:00:00+00
MFIS/2026/MFIS/002,MFIS/2026,MFIS/002,2,2026-09-04 00:00:00+00
MFIS/2026/MFIS/003,MFIS/2026,MFIS/003,3,2026-09-04 00:00:00+00
MFIS/2026/MFIS/004,MFIS/2026,MFIS/004,4,2026-09-04 00:00:00+00
MFIS/2026/MFIS/005,MFIS/2026,MFIS/005,5,2026-09-04 00:00:00+00
MFIS/2026/MFIS/006,MFIS/2026,MFIS/006,6,2026-09-04 00:00:00+00
MFIS/2026/MFIS/007,MFIS/2026,MFIS/007,7,2026-09-04 00:00:00+00
MFIS/2026/MFIS/008,MFIS/2026,MFIS/008,8,2026-09-04 00:00:00+00
MFIS/2026/MFIS/009,MFIS/2026,MFIS/009,9,2026-09-04 00:00:00+00
MFIS/2026/MFIS/010,MFIS/2026,MFIS/010,10,2026-09-04 00:00:00+00
MFIS/2026/MFIS/011,MFIS/2026,MFIS/011,11,2026-09-04 00:00:00+00
MFIS/2026/MFIS/012,MFIS/2026,MFIS/012,12,2026-09-04 00:00:00+00
MFIS/2026/MFIS/013,MFIS/2026,MFIS/013,13,2026-09-04 00:00:00+00
MFIS/2026/MFIS/014,MFIS/2026,MFIS/014,14,2026-09-04 00:00:00+00
MFIS/2026/MFIS/015,MFIS/2026,MFIS/015,15,2026-09-04 00:00:00+00
MFIS/2026/MFIS/016,MFIS/2026,MFIS/016,16,2026-09-04 00:00:00+00
MFIS/2026/MFIS/017,MFIS/2026,MFIS/017,17,2026-09-04 00:00:00+00
MFIS/2026/MFIS/018,MFIS/2026,MFIS/018,18,2026-09-04 00:00:00+00
MFIS/2026/MFIS/019,MFIS/2026,MFIS/019,19,2026-09-04 00:00:00+00
MFIS/2026/MFIS/020,MFIS/2026,MFIS/020,20,2026-09-04 00:00:00+00
MFIS/2026/MFIS/021,MFIS/2026,MFIS/021,21,2026-09-04 00:00:00+00
MIDAS/2026/MIDAS/001,MIDAS/2026,MIDAS/001,1,2026-09-04 00:00:00+00
MIDAS/2026/MIDAS/002,MIDAS/2026,MIDAS/002,2,2026-09-04 00:00:00+00
MIDAS/2026/MIDAS/003,MIDAS/2026,MIDAS/003,3,2026-09-04 00:00:00+00
MIDAS/2026/MIDAS/004,MIDAS/2026,MIDAS/004,4,2026-09-04 00:00:00+00
MIDAS/2026/MIDAS/005,MIDAS/2026,MIDAS/005,5,2026-09-04 00:00:00+00
MoCA/2026/MoCA/001,MoCA/2026,MoCA/001,1,2026-09-04 00:00:00+00
MRC/2026/MRC/001,MRC/2026,MRC/001,1,2026-09-04 00:00:00+00
MRC/2026/MRC/002,MRC/2026,MRC/002,2,2026-09-04 00:00:00+00
MRC/2026/MRC/003,MRC/2026,MRC/003,3,2026-09-04 00:00:00+00
MRC/2026/MRC/004,MRC/2026,MRC/004,4,2026-09-04 00:00:00+00
MRC/2026/MRC/005,MRC/2026,MRC/005,5,2026-09-04 00:00:00+00
MRC/2026/MRC/006,MRC/2026,MRC/006,6,2026-09-04 00:00:00+00
MRC/2026/MRC/007,MRC/2026,MRC/007,7,2026-09-04 00:00:00+00
MRC/2026/MRC/008,MRC/2026,MRC/008,8,2026-09-04 00:00:00+00
MRC/2026/MRC/009,MRC/2026,MRC/009,9,2026-09-04 00:00:00+00
MRC/2026/MRC/010,MRC/2026,MRC/010,10,2026-09-04 00:00:00+00
MRC/2026/MRC/011,MRC/2026,MRC/011,11,2026-09-04 00:00:00+00
MRC/2026/MRC/012,MRC/2026,MRC/012,12,2026-09-04 00:00:00+00
MSQ/2026/MSQ/001,MSQ/2026,MSQ/001,1,2026-09-04 00:00:00+00
MSQ/2026/MSQ/002,MSQ/2026,MSQ/002,2,2026-09-04 00:00:00+00
MSQ/2026/MSQ/003,MSQ/2026,MSQ/003,3,2026-09-04 00:00:00+00
MSQ/2026/MSQ/004,MSQ/2026,MSQ/004,4,2026-09-04 00:00:00+00
MSQ/2026/MSQ/005,MSQ/2026,MSQ/005,5,2026-09-04 00:00:00+00
MSQ/2026/MSQ/006,MSQ/2026,MSQ/006,6,2026-09-04 00:00:00+00
MSQ/2026/MSQ/007,MSQ/2026,MSQ/007,7,2026-09-04 00:00:00+00
MSQ/2026/MSQ/008,MSQ/2026,MSQ/008,8,2026-09-04 00:00:00+00
MSQ/2026/MSQ/009,MSQ/2026,MSQ/009,9,2026-09-04 00:00:00+00
MSQ/2026/MSQ/010,MSQ/2026,MSQ/010,10,2026-09-04 00:00:00+00
MSQ/2026/MSQ/011,MSQ/2026,MSQ/011,11,2026-09-04 00:00:00+00
MSQ/2026/MSQ/012,MSQ/2026,MSQ/012,12,2026-09-04 00:00:00+00
MSQ/2026/MSQ/013,MSQ/2026,MSQ/013,13,2026-09-04 00:00:00+00
MSQ/2026/MSQ/014,MSQ/2026,MSQ/014,14,2026-09-04 00:00:00+00
PainDETECT/2026/PainDETECT/001,PainDETECT/2026,PainDETECT/001,1,2026-09-04 00:00:00+00
PainDETECT/2026/PainDETECT/002,PainDETECT/2026,PainDETECT/002,2,2026-09-04 00:00:00+00
PainDETECT/2026/PainDETECT/003,PainDETECT/2026,PainDETECT/003,3,2026-09-04 00:00:00+00
PainDETECT/2026/PainDETECT/004,PainDETECT/2026,PainDETECT/004,4,2026-09-04 00:00:00+00
PainDETECT/2026/PainDETECT/005,PainDETECT/2026,PainDETECT/005,5,2026-09-04 00:00:00+00
PainDETECT/2026/PainDETECT/006,PainDETECT/2026,PainDETECT/006,6,2026-09-04 00:00:00+00
PainDETECT/2026/PainDETECT/007,PainDETECT/2026,PainDETECT/007,7,2026-09-04 00:00:00+00
PainDETECT/2026/PainDETECT/008,PainDETECT/2026,PainDETECT/008,8,2026-09-04 00:00:00+00
PainDETECT/2026/PainDETECT/009,PainDETECT/2026,PainDETECT/009,9,2026-09-04 00:00:00+00
PainDETECT/2026/PainDETECT/010,PainDETECT/2026,PainDETECT/010,10,2026-09-04 00:00:00+00
PainDETECT/2026/PainDETECT/011,PainDETECT/2026,PainDETECT/011,11,2026-09-04 00:00:00+00
PainDETECT/2026/PainDETECT/012,PainDETECT/2026,PainDETECT/012,12,2026-09-04 00:00:00+00
PDSS/2026/PDSS/001,PDSS/2026,PDSS/001,1,2026-09-04 00:00:00+00
PDSS/2026/PDSS/002,PDSS/2026,PDSS/002,2,2026-09-04 00:00:00+00
PDSS/2026/PDSS/003,PDSS/2026,PDSS/003,3,2026-09-04 00:00:00+00
PDSS/2026/PDSS/004,PDSS/2026,PDSS/004,4,2026-09-04 00:00:00+00
PDSS/2026/PDSS/005,PDSS/2026,PDSS/005,5,2026-09-04 00:00:00+00
PDSS/2026/PDSS/006,PDSS/2026,PDSS/006,6,2026-09-04 00:00:00+00
PDSS/2026/PDSS/007,PDSS/2026,PDSS/007,7,2026-09-04 00:00:00+00
PDSS/2026/PDSS/008,PDSS/2026,PDSS/008,8,2026-09-04 00:00:00+00
PDSS/2026/PDSS/009,PDSS/2026,PDSS/009,9,2026-09-04 00:00:00+00
PDSS/2026/PDSS/010,PDSS/2026,PDSS/010,10,2026-09-04 00:00:00+00
PDSS/2026/PDSS/011,PDSS/2026,PDSS/011,11,2026-09-04 00:00:00+00
PDSS/2026/PDSS/012,PDSS/2026,PDSS/012,12,2026-09-04 00:00:00+00
PDSS/2026/PDSS/013,PDSS/2026,PDSS/013,13,2026-09-04 00:00:00+00
PDSS/2026/PDSS/014,PDSS/2026,PDSS/014,14,2026-09-04 00:00:00+00
PDSS/2026/PDSS/015,PDSS/2026,PDSS/015,15,2026-09-04 00:00:00+00
PFS-16/2026/PFS-16/001,PFS-16/2026,PFS-16/001,1,2026-09-04 00:00:00+00
PFS-16/2026/PFS-16/002,PFS-16/2026,PFS-16/002,2,2026-09-04 00:00:00+00
PFS-16/2026/PFS-16/003,PFS-16/2026,PFS-16/003,3,2026-09-04 00:00:00+00
PFS-16/2026/PFS-16/004,PFS-16/2026,PFS-16/004,4,2026-09-04 00:00:00+00
PFS-16/2026/PFS-16/005,PFS-16/2026,PFS-16/005,5,2026-09-04 00:00:00+00
PFS-16/2026/PFS-16/006,PFS-16/2026,PFS-16/006,6,2026-09-04 00:00:00+00
PFS-16/2026/PFS-16/007,PFS-16/2026,PFS-16/007,7,2026-09-04 00:00:00+00
PFS-16/2026/PFS-16/008,PFS-16/2026,PFS-16/008,8,2026-09-04 00:00:00+00
PFS-16/2026/PFS-16/009,PFS-16/2026,PFS-16/009,9,2026-09-04 00:00:00+00
PFS-16/2026/PFS-16/010,PFS-16/2026,PFS-16/010,10,2026-09-04 00:00:00+00
PFS-16/2026/PFS-16/011,PFS-16/2026,PFS-16/011,11,2026-09-04 00:00:00+00
PFS-16/2026/PFS-16/012,PFS-16/2026,PFS-16/012,12,2026-09-04 00:00:00+00
PFS-16/2026/PFS-16/013,PFS-16/2026,PFS-16/013,13,2026-09-04 00:00:00+00
PFS-16/2026/PFS-16/014,PFS-16/2026,PFS-16/014,14,2026-09-04 00:00:00+00
PFS-16/2026/PFS-16/015,PFS-16/2026,PFS-16/015,15,2026-09-04 00:00:00+00
PFS-16/2026/PFS-16/016,PFS-16/2026,PFS-16/016,16,2026-09-04 00:00:00+00
PRS/2026/PainRatingScale/001,PRS/2026,PainRatingScale/001,1,2026-09-04 00:00:00+00
PRS/2026/PainRatingScale/002,PRS/2026,PainRatingScale/002,2,2026-09-04 00:00:00+00
PRS/2026/PainRatingScale/003,PRS/2026,PainRatingScale/003,3,2026-09-04 00:00:00+00
PRS/2026/PainRatingScale/004,PRS/2026,PainRatingScale/004,4,2026-09-04 00:00:00+00
PSQI/2026/PSQI/001,PSQI/2026,PSQI/001,1,2026-09-04 00:00:00+00
PSQI/2026/PSQI/002,PSQI/2026,PSQI/002,2,2026-09-04 00:00:00+00
PSQI/2026/PSQI/003,PSQI/2026,PSQI/003,3,2026-09-04 00:00:00+00
PSQI/2026/PSQI/004,PSQI/2026,PSQI/004,4,2026-09-04 00:00:00+00
SARA/2026/SARA/001,SARA/2026,SARA/001,1,2026-09-04 00:00:00+00
SARA/2026/SARA/002,SARA/2026,SARA/002,2,2026-09-04 00:00:00+00
SARA/2026/SARA/003,SARA/2026,SARA/003,3,2026-09-04 00:00:00+00
SARA/2026/SARA/004,SARA/2026,SARA/004,4,2026-09-04 00:00:00+00
SARA/2026/SARA/005,SARA/2026,SARA/005,5,2026-09-04 00:00:00+00
SARA/2026/SARA/006,SARA/2026,SARA/006,6,2026-09-04 00:00:00+00
SARA/2026/SARA/007,SARA/2026,SARA/007,7,2026-09-04 00:00:00+00
SARA/2026/SARA/008,SARA/2026,SARA/008,8,2026-09-04 00:00:00+00
SARA/2026/SARA/009,SARA/2026,SARA/009,9,2026-09-04 00:00:00+00
SARA/2026/SARA/010,SARA/2026,SARA/010,10,2026-09-04 00:00:00+00
SARA/2026/SARA/011,SARA/2026,SARA/011,11,2026-09-04 00:00:00+00
SARA/2026/SARA/012,SARA/2026,SARA/012,12,2026-09-04 00:00:00+00
SLEEP-50/2026/SLEEP-50/001,SLEEP-50/2026,SLEEP-50/001,1,2026-09-04 00:00:00+00
SLEEP-50/2026/SLEEP-50/002,SLEEP-50/2026,SLEEP-50/002,2,2026-09-04 00:00:00+00
SLEEP-50/2026/SLEEP-50/003,SLEEP-50/2026,SLEEP-50/003,3,2026-09-04 00:00:00+00
SLEEP-50/2026/SLEEP-50/004,SLEEP-50/2026,SLEEP-50/004,4,2026-09-04 00:00:00+00
SLEEP-50/2026/SLEEP-50/005,SLEEP-50/2026,SLEEP-50/005,5,2026-09-04 00:00:00+00
SLEEP-50/2026/SLEEP-50/006,SLEEP-50/2026,SLEEP-50/006,6,2026-09-04 00:00:00+00
SLEEP-50/2026/SLEEP-50/007,SLEEP-50/2026,SLEEP-50/007,7,2026-09-04 00:00:00+00
SLEEP-50/2026/SLEEP-50/008,SLEEP-50/2026,SLEEP-50/008,8,2026-09-04 00:00:00+00
SLEEP-50/2026/SLEEP-50/009,SLEEP-50/2026,SLEEP-50/009,9,2026-09-04 00:00:00+00
SLEEP-50/2026/SLEEP-50/010,SLEEP-50/2026,SLEEP-50/010,10,2026-09-04 00:00:00+00
SLEEP-50/2026/SLEEP-50/011,SLEEP-50/2026,SLEEP-50/011,11,2026-09-04 00:00:00+00
SLEEP-50/2026/SLEEP-50/012,SLEEP-50/2026,SLEEP-50/012,12,2026-09-04 00:00:00+00
SLEEP-50/2026/SLEEP-50/013,SLEEP-50/2026,SLEEP-50/013,13,2026-09-04 00:00:00+00
SLEEP-50/2026/SLEEP-50/014,SLEEP-50/2026,SLEEP-50/014,14,2026-09-04 00:00:00+00
SLEEP-50/2026/SLEEP-50/015,SLEEP-50/2026,SLEEP-50/015,15,2026-09-04 00:00:00+00
SLEEP-50/2026/SLEEP-50/016,SLEEP-50/2026,SLEEP-50/016,16,2026-09-04 00:00:00+00
SLEEP-50/2026/SLEEP-50/017,SLEEP-50/2026,SLEEP-50/017,17,2026-09-04 00:00:00+00
SLEEP-50/2026/SLEEP-50/018,SLEEP-50/2026,SLEEP-50/018,18,2026-09-04 00:00:00+00
SLEEP-50/2026/SLEEP-50/019,SLEEP-50/2026,SLEEP-50/019,19,2026-09-04 00:00:00+00
SLEEP-50/2026/SLEEP-50/020,SLEEP-50/2026,SLEEP-50/020,20,2026-09-04 00:00:00+00
SLEEP-50/2026/SLEEP-50/021,SLEEP-50/2026,SLEEP-50/021,21,2026-09-04 00:00:00+00
SLEEP-50/2026/SLEEP-50/022,SLEEP-50/2026,SLEEP-50/022,22,2026-09-04 00:00:00+00
SLEEP-50/2026/SLEEP-50/023,SLEEP-50/2026,SLEEP-50/023,23,2026-09-04 00:00:00+00
SLEEP-50/2026/SLEEP-50/024,SLEEP-50/2026,SLEEP-50/024,24,2026-09-04 00:00:00+00
SLEEP-50/2026/SLEEP-50/025,SLEEP-50/2026,SLEEP-50/025,25,2026-09-04 00:00:00+00
SLEEP-50/2026/SLEEP-50/026,SLEEP-50/2026,SLEEP-50/026,26,2026-09-04 00:00:00+00
SLEEP-50/2026/SLEEP-50/027,SLEEP-50/2026,SLEEP-50/027,27,2026-09-04 00:00:00+00
SLEEP-50/2026/SLEEP-50/028,SLEEP-50/2026,SLEEP-50/028,28,2026-09-04 00:00:00+00
SLEEP-50/2026/SLEEP-50/029,SLEEP-50/2026,SLEEP-50/029,29,2026-09-04 00:00:00+00
SLEEP-50/2026/SLEEP-50/030,SLEEP-50/2026,SLEEP-50/030,30,2026-09-04 00:00:00+00
SLEEP-50/2026/SLEEP-50/031,SLEEP-50/2026,SLEEP-50/031,31,2026-09-04 00:00:00+00
SLEEP-50/2026/SLEEP-50/032,SLEEP-50/2026,SLEEP-50/032,32,2026-09-04 00:00:00+00
SLEEP-50/2026/SLEEP-50/033,SLEEP-50/2026,SLEEP-50/033,33,2026-09-04 00:00:00+00
SLEEP-50/2026/SLEEP-50/034,SLEEP-50/2026,SLEEP-50/034,34,2026-09-04 00:00:00+00
SLEEP-50/2026/SLEEP-50/035,SLEEP-50/2026,SLEEP-50/035,35,2026-09-04 00:00:00+00
SLEEP-50/2026/SLEEP-50/036,SLEEP-50/2026,SLEEP-50/036,36,2026-09-04 00:00:00+00
SLEEP-50/2026/SLEEP-50/037,SLEEP-50/2026,SLEEP-50/037,37,2026-09-04 00:00:00+00
SLEEP-50/2026/SLEEP-50/038,SLEEP-50/2026,SLEEP-50/038,38,2026-09-04 00:00:00+00
SLEEP-50/2026/SLEEP-50/039,SLEEP-50/2026,SLEEP-50/039,39,2026-09-04 00:00:00+00
SLEEP-50/2026/SLEEP-50/040,SLEEP-50/2026,SLEEP-50/040,40,2026-09-04 00:00:00+00
SLEEP-50/2026/SLEEP-50/041,SLEEP-50/2026,SLEEP-50/041,41,2026-09-04 00:00:00+00
SLEEP-50/2026/SLEEP-50/042,SLEEP-50/2026,SLEEP-50/042,42,2026-09-04 00:00:00+00
SLEEP-50/2026/SLEEP-50/043,SLEEP-50/2026,SLEEP-50/043,43,2026-09-04 00:00:00+00
SLEEP-50/2026/SLEEP-50/044,SLEEP-50/2026,SLEEP-50/044,44,2026-09-04 00:00:00+00
SLEEP-50/2026/SLEEP-50/045,SLEEP-50/2026,SLEEP-50/045,45,2026-09-04 00:00:00+00
SLEEP-50/2026/SLEEP-50/046,SLEEP-50/2026,SLEEP-50/046,46,2026-09-04 00:00:00+00
SLEEP-50/2026/SLEEP-50/047,SLEEP-50/2026,SLEEP-50/047,47,2026-09-04 00:00:00+00
SLEEP-50/2026/SLEEP-50/048,SLEEP-50/2026,SLEEP-50/048,48,2026-09-04 00:00:00+00
SLEEP-50/2026/SLEEP-50/049,SLEEP-50/2026,SLEEP-50/049,49,2026-09-04 00:00:00+00
SLEEP-50/2026/SLEEP-50/050,SLEEP-50/2026,SLEEP-50/050,50,2026-09-04 00:00:00+00
SNAP-IV/2026/SNAP-IV/001,SNAP-IV/2026,SNAP-IV/001,1,2026-09-04 00:00:00+00
SNAP-IV/2026/SNAP-IV/002,SNAP-IV/2026,SNAP-IV/002,2,2026-09-04 00:00:00+00
SNAP-IV/2026/SNAP-IV/003,SNAP-IV/2026,SNAP-IV/003,3,2026-09-04 00:00:00+00
SNAP-IV/2026/SNAP-IV/004,SNAP-IV/2026,SNAP-IV/004,4,2026-09-04 00:00:00+00
SNAP-IV/2026/SNAP-IV/005,SNAP-IV/2026,SNAP-IV/005,5,2026-09-04 00:00:00+00
SNAP-IV/2026/SNAP-IV/006,SNAP-IV/2026,SNAP-IV/006,6,2026-09-04 00:00:00+00
SNAP-IV/2026/SNAP-IV/007,SNAP-IV/2026,SNAP-IV/007,7,2026-09-04 00:00:00+00
SNAP-IV/2026/SNAP-IV/008,SNAP-IV/2026,SNAP-IV/008,8,2026-09-04 00:00:00+00
SNAP-IV/2026/SNAP-IV/009,SNAP-IV/2026,SNAP-IV/009,9,2026-09-04 00:00:00+00
SNAP-IV/2026/SNAP-IV/010,SNAP-IV/2026,SNAP-IV/010,10,2026-09-04 00:00:00+00
SNAP-IV/2026/SNAP-IV/011,SNAP-IV/2026,SNAP-IV/011,11,2026-09-04 00:00:00+00
SNAP-IV/2026/SNAP-IV/012,SNAP-IV/2026,SNAP-IV/012,12,2026-09-04 00:00:00+00
SNAP-IV/2026/SNAP-IV/013,SNAP-IV/2026,SNAP-IV/013,13,2026-09-04 00:00:00+00
SNAP-IV/2026/SNAP-IV/014,SNAP-IV/2026,SNAP-IV/014,14,2026-09-04 00:00:00+00
SNAP-IV/2026/SNAP-IV/015,SNAP-IV/2026,SNAP-IV/015,15,2026-09-04 00:00:00+00
SNAP-IV/2026/SNAP-IV/016,SNAP-IV/2026,SNAP-IV/016,16,2026-09-04 00:00:00+00
SNAP-IV/2026/SNAP-IV/017,SNAP-IV/2026,SNAP-IV/017,17,2026-09-04 00:00:00+00
SNAP-IV/2026/SNAP-IV/018,SNAP-IV/2026,SNAP-IV/018,18,2026-09-04 00:00:00+00
SNAP-IV/2026/SNAP-IV/019,SNAP-IV/2026,SNAP-IV/019,19,2026-09-04 00:00:00+00
SNAP-IV/2026/SNAP-IV/020,SNAP-IV/2026,SNAP-IV/020,20,2026-09-04 00:00:00+00
SNAP-IV/2026/SNAP-IV/021,SNAP-IV/2026,SNAP-IV/021,21,2026-09-04 00:00:00+00
SNAP-IV/2026/SNAP-IV/022,SNAP-IV/2026,SNAP-IV/022,22,2026-09-04 00:00:00+00
SNAP-IV/2026/SNAP-IV/023,SNAP-IV/2026,SNAP-IV/023,23,2026-09-04 00:00:00+00
SNAP-IV/2026/SNAP-IV/024,SNAP-IV/2026,SNAP-IV/024,24,2026-09-04 00:00:00+00
SNAP-IV/2026/SNAP-IV/025,SNAP-IV/2026,SNAP-IV/025,25,2026-09-04 00:00:00+00
SNAP-IV/2026/SNAP-IV/026,SNAP-IV/2026,SNAP-IV/026,26,2026-09-04 00:00:00+00
SS-QOL/2026/SS-QOL/001,SS-QOL/2026,SS-QOL/001,1,2026-09-04 00:00:00+00
SS-QOL/2026/SS-QOL/002,SS-QOL/2026,SS-QOL/002,2,2026-09-04 00:00:00+00
SS-QOL/2026/SS-QOL/003,SS-QOL/2026,SS-QOL/003,3,2026-09-04 00:00:00+00
SS-QOL/2026/SS-QOL/004,SS-QOL/2026,SS-QOL/004,4,2026-09-04 00:00:00+00
SS-QOL/2026/SS-QOL/005,SS-QOL/2026,SS-QOL/005,5,2026-09-04 00:00:00+00
SS-QOL/2026/SS-QOL/006,SS-QOL/2026,SS-QOL/006,6,2026-09-04 00:00:00+00
SS-QOL/2026/SS-QOL/007,SS-QOL/2026,SS-QOL/007,7,2026-09-04 00:00:00+00
SS-QOL/2026/SS-QOL/008,SS-QOL/2026,SS-QOL/008,8,2026-09-04 00:00:00+00
SS-QOL/2026/SS-QOL/009,SS-QOL/2026,SS-QOL/009,9,2026-09-04 00:00:00+00
SS-QOL/2026/SS-QOL/010,SS-QOL/2026,SS-QOL/010,10,2026-09-04 00:00:00+00
SS-QOL/2026/SS-QOL/011,SS-QOL/2026,SS-QOL/011,11,2026-09-04 00:00:00+00
SS-QOL/2026/SS-QOL/012,SS-QOL/2026,SS-QOL/012,12,2026-09-04 00:00:00+00
SS-QOL/2026/SS-QOL/013,SS-QOL/2026,SS-QOL/013,13,2026-09-04 00:00:00+00
SS-QOL/2026/SS-QOL/014,SS-QOL/2026,SS-QOL/014,14,2026-09-04 00:00:00+00
SS-QOL/2026/SS-QOL/015,SS-QOL/2026,SS-QOL/015,15,2026-09-04 00:00:00+00
SS-QOL/2026/SS-QOL/016,SS-QOL/2026,SS-QOL/016,16,2026-09-04 00:00:00+00
SS-QOL/2026/SS-QOL/017,SS-QOL/2026,SS-QOL/017,17,2026-09-04 00:00:00+00
SS-QOL/2026/SS-QOL/018,SS-QOL/2026,SS-QOL/018,18,2026-09-04 00:00:00+00
SS-QOL/2026/SS-QOL/019,SS-QOL/2026,SS-QOL/019,19,2026-09-04 00:00:00+00
SS-QOL/2026/SS-QOL/020,SS-QOL/2026,SS-QOL/020,20,2026-09-04 00:00:00+00
SS-QOL/2026/SS-QOL/021,SS-QOL/2026,SS-QOL/021,21,2026-09-04 00:00:00+00
SS-QOL/2026/SS-QOL/022,SS-QOL/2026,SS-QOL/022,22,2026-09-04 00:00:00+00
SS-QOL/2026/SS-QOL/023,SS-QOL/2026,SS-QOL/023,23,2026-09-04 00:00:00+00
SS-QOL/2026/SS-QOL/024,SS-QOL/2026,SS-QOL/024,24,2026-09-04 00:00:00+00
SS-QOL/2026/SS-QOL/025,SS-QOL/2026,SS-QOL/025,25,2026-09-04 00:00:00+00
SS-QOL/2026/SS-QOL/026,SS-QOL/2026,SS-QOL/026,26,2026-09-04 00:00:00+00
SS-QOL/2026/SS-QOL/027,SS-QOL/2026,SS-QOL/027,27,2026-09-04 00:00:00+00
SS-QOL/2026/SS-QOL/028,SS-QOL/2026,SS-QOL/028,28,2026-09-04 00:00:00+00
SS-QOL/2026/SS-QOL/029,SS-QOL/2026,SS-QOL/029,29,2026-09-04 00:00:00+00
SS-QOL/2026/SS-QOL/030,SS-QOL/2026,SS-QOL/030,30,2026-09-04 00:00:00+00
SS-QOL/2026/SS-QOL/031,SS-QOL/2026,SS-QOL/031,31,2026-09-04 00:00:00+00
SS-QOL/2026/SS-QOL/032,SS-QOL/2026,SS-QOL/032,32,2026-09-04 00:00:00+00
SS-QOL/2026/SS-QOL/033,SS-QOL/2026,SS-QOL/033,33,2026-09-04 00:00:00+00
SS-QOL/2026/SS-QOL/034,SS-QOL/2026,SS-QOL/034,34,2026-09-04 00:00:00+00
SS-QOL/2026/SS-QOL/035,SS-QOL/2026,SS-QOL/035,35,2026-09-04 00:00:00+00
SS-QOL/2026/SS-QOL/036,SS-QOL/2026,SS-QOL/036,36,2026-09-04 00:00:00+00
SS-QOL/2026/SS-QOL/037,SS-QOL/2026,SS-QOL/037,37,2026-09-04 00:00:00+00
SS-QOL/2026/SS-QOL/038,SS-QOL/2026,SS-QOL/038,38,2026-09-04 00:00:00+00
SS-QOL/2026/SS-QOL/039,SS-QOL/2026,SS-QOL/039,39,2026-09-04 00:00:00+00
SS-QOL/2026/SS-QOL/040,SS-QOL/2026,SS-QOL/040,40,2026-09-04 00:00:00+00
SS-QOL/2026/SS-QOL/041,SS-QOL/2026,SS-QOL/041,41,2026-09-04 00:00:00+00
SS-QOL/2026/SS-QOL/042,SS-QOL/2026,SS-QOL/042,42,2026-09-04 00:00:00+00
SS-QOL/2026/SS-QOL/043,SS-QOL/2026,SS-QOL/043,43,2026-09-04 00:00:00+00
SS-QOL/2026/SS-QOL/044,SS-QOL/2026,SS-QOL/044,44,2026-09-04 00:00:00+00
SS-QOL/2026/SS-QOL/045,SS-QOL/2026,SS-QOL/045,45,2026-09-04 00:00:00+00
SS-QOL/2026/SS-QOL/046,SS-QOL/2026,SS-QOL/046,46,2026-09-04 00:00:00+00
SS-QOL/2026/SS-QOL/047,SS-QOL/2026,SS-QOL/047,47,2026-09-04 00:00:00+00
SS-QOL/2026/SS-QOL/048,SS-QOL/2026,SS-QOL/048,48,2026-09-04 00:00:00+00
SS-QOL/2026/SS-QOL/049,SS-QOL/2026,SS-QOL/049,49,2026-09-04 00:00:00+00
THI/2026/THI/001,THI/2026,THI/001,1,2026-09-04 00:00:00+00
THI/2026/THI/002,THI/2026,THI/002,2,2026-09-04 00:00:00+00
THI/2026/THI/003,THI/2026,THI/003,3,2026-09-04 00:00:00+00
THI/2026/THI/004,THI/2026,THI/004,4,2026-09-04 00:00:00+00
THI/2026/THI/005,THI/2026,THI/005,5,2026-09-04 00:00:00+00
THI/2026/THI/006,THI/2026,THI/006,6,2026-09-04 00:00:00+00
THI/2026/THI/007,THI/2026,THI/007,7,2026-09-04 00:00:00+00
THI/2026/THI/008,THI/2026,THI/008,8,2026-09-04 00:00:00+00
THI/2026/THI/009,THI/2026,THI/009,9,2026-09-04 00:00:00+00
THI/2026/THI/010,THI/2026,THI/010,10,2026-09-04 00:00:00+00
THI/2026/THI/011,THI/2026,THI/011,11,2026-09-04 00:00:00+00
THI/2026/THI/012,THI/2026,THI/012,12,2026-09-04 00:00:00+00
THI/2026/THI/013,THI/2026,THI/013,13,2026-09-04 00:00:00+00
THI/2026/THI/014,THI/2026,THI/014,14,2026-09-04 00:00:00+00
THI/2026/THI/015,THI/2026,THI/015,15,2026-09-04 00:00:00+00
THI/2026/THI/016,THI/2026,THI/016,16,2026-09-04 00:00:00+00
THI/2026/THI/017,THI/2026,THI/017,17,2026-09-04 00:00:00+00
THI/2026/THI/018,THI/2026,THI/018,18,2026-09-04 00:00:00+00
THI/2026/THI/019,THI/2026,THI/019,19,2026-09-04 00:00:00+00
THI/2026/THI/020,THI/2026,THI/020,20,2026-09-04 00:00:00+00
THI/2026/THI/021,THI/2026,THI/021,21,2026-09-04 00:00:00+00
THI/2026/THI/022,THI/2026,THI/022,22,2026-09-04 00:00:00+00
THI/2026/THI/023,THI/2026,THI/023,23,2026-09-04 00:00:00+00
THI/2026/THI/024,THI/2026,THI/024,24,2026-09-04 00:00:00+00
THI/2026/THI/025,THI/2026,THI/025,25,2026-09-04 00:00:00+00
VAS/2026/VAS/001,VAS/2026,VAS/001,1,2026-09-04 00:00:00+00
VVAS/2026/VVAS/001,VVAS/2026,VVAS/001,1,2026-09-04 00:00:00+00
VVAS/2026/VVAS/002,VVAS/2026,VVAS/002,2,2026-09-04 00:00:00+00
VVAS/2026/VVAS/003,VVAS/2026,VVAS/003,3,2026-09-04 00:00:00+00
VVAS/2026/VVAS/004,VVAS/2026,VVAS/004,4,2026-09-04 00:00:00+00
VVAS/2026/VVAS/005,VVAS/2026,VVAS/005,5,2026-09-04 00:00:00+00
VVAS/2026/VVAS/006,VVAS/2026,VVAS/006,6,2026-09-04 00:00:00+00
VVAS/2026/VVAS/007,VVAS/2026,VVAS/007,7,2026-09-04 00:00:00+00
VVAS/2026/VVAS/008,VVAS/2026,VVAS/008,8,2026-09-04 00:00:00+00
VVAS/2026/VVAS/009,VVAS/2026,VVAS/009,9,2026-09-04 00:00:00+00